{
  "DNF": {
    "feature": "ST_K",
    "target": "Dist",
    "slope": 1.5121359223300805,
    "intercept": 188.96116504854373,
    "count": 21,
    "feature_range": [
      0.0,
      3.0
    ],
    "target_range": [
      132.0,
      239.0
    ],
    "mae": 21.4040684234859,
    "rmse": 25.802580759153525,
    "r_squared": 0.0016017245136678016
  },
  "DYNB": {
    "feature": "TK",
    "target": "Dist",
    "slope": 0.6917546839993108,
    "intercept": 140.31560676564004,
    "count": 18,
    "feature_range": [
      72.0,
      205.0
    ],
    "target_range": [
      150.0,
      300.0
    ],
    "mae": 31.972915008220426,
    "rmse": 38.15234721647771,
    "r_squared": 0.27055682811601667
  }
}